{
    "kind": "Template",
    "apiVersion": "v1",
    "metadata": {
        "name": "demo-app",
        "annotations": {
            "tags": "demo-app",
            "version": "1.0",
            "openshift.io/display-name": "Demo App",
            "description": "An example HTML5 app"
        }
    },
    "parameters": [
        {
            "displayName": "Application Name",
            "description": "The name for the application.",
            "name": "APPLICATION_NAME",
            "value": "demo-app",
            "required": true
        },
        {
            "displayName": "Keycloak URL",
            "description": "Keycloak URL",
            "name": "KEYCLOAK_URL",
            "from": "[a-zA-Z0-9]{8}",
            "generate": "expression",
            "required": true
        },
        {
            "displayName": "Service URL",
            "description": "Service URL",
            "name": "SERVICE_URL",
            "from": "[a-zA-Z0-9]{8}",
            "generate": "expression",
            "required": true
        },
        {
            "displayName": "Custom https Route Hostname",
            "description": "Custom hostname for https service route. Leave blank for default hostname, e.g.: <application-name>.<project>.<default-domain-suffix>",
            "name": "HOSTNAME_HTTPS",
            "value": "",
            "required": false
        }
    ],
    "objects": [
        {
            "kind": "Service",
            "apiVersion": "v1",
            "spec": {
                "ports": [
                    {
                        "port": 8080,
                        "targetPort": 8080
                    }
                ],
                "selector": {
                    "deploymentConfig": "${APPLICATION_NAME}"
                }
            },
            "metadata": {
                "name": "${APPLICATION_NAME}",
                "labels": {
                    "application": "${APPLICATION_NAME}"
                },
                "annotations": {
                    "description": "The web server's http port."
                }
            }
        },
        {
            "kind": "Route",
            "apiVersion": "v1",
            "id": "${APPLICATION_NAME}-https",
            "metadata": {
                "name": "${APPLICATION_NAME}",
                "labels": {
                    "application": "${APPLICATION_NAME}"
                },
                "annotations": {
                    "description": "Route for application's http service."
                }
            },
            "spec": {
                "host": "${HOSTNAME_HTTPS}",
                "to": {
                    "name": "${APPLICATION_NAME}"
                },
                "tls": {
                    "termination": "edge"
                }
            }
        },
        {
            "kind": "DeploymentConfig",
            "apiVersion": "v1",
            "metadata": {
                "name": "${APPLICATION_NAME}",
                "labels": {
                    "application": "${APPLICATION_NAME}"
                }
            },
            "spec": {
                "strategy": {
                    "type": "Recreate"
                },
                "triggers": [
                    {
                        "type": "ImageChange",
                        "imageChangeParams": {
                            "automatic": true,
                            "containerNames": [
                                "demo-app"
                            ],
                            "from": {
                                "kind": "ImageStreamTag",
                                "namespace": "keycloak",
                                "name": "demo-app:latest"
                            }
                        }
                    },
                    {
                        "type": "ConfigChange"
                    }
                ],
                "replicas": 1,
                "selector": {
                    "deploymentConfig": "${APPLICATION_NAME}"
                },
                "template": {
                    "metadata": {
                        "name": "${APPLICATION_NAME}",
                        "labels": {
                            "deploymentConfig": "${APPLICATION_NAME}",
                            "application": "${APPLICATION_NAME}"
                        }
                    },
                    "spec": {
                        "containers": [
                            {
                                "name": "${APPLICATION_NAME}",
                                "image": "demo-app",
                                "ports": [
                                    {
                                        "containerPort": 8080,
                                        "protocol": "TCP"
                                    }
                                ],
                                "env": [
                                    {
                                        "name": "KEYCLOAK_URL",
                                        "value": "${KEYCLOAK_URL}"
                                    },
                                    {
                                        "name": "SERVICE_URL",
                                        "value": "${SERVICE_URL}"
                                    }
                                ],
                                "securityContext": {
                                    "privileged": false
                                }
                            }
                        ]
                    }
                }
            }
        }
    ]
}
