{
    "kind": "Template",
    "apiVersion": "v1",
    "metadata": {
        "name": "demo-service-php",
        "annotations": {
            "tags": "demo-service-php",
            "version": "1.0",
            "openshift.io/display-name": "Demo Service",
            "description": "An example PHP service"
        }
    },
    "parameters": [
        {
            "displayName": "Application Name",
            "description": "The name for the application.",
            "name": "APPLICATION_NAME",
            "value": "demo-service-php",
            "required": true
        },
        {
            "displayName": "Keycloak URL",
            "description": "Keycloak URL",
            "name": "KEYCLOAK_URL",
            "from": "[a-zA-Z0-9]{8}",
            "generate": "expression",
            "required": true
        },
        {
            "displayName": "Custom http Route Hostname",
            "description": "Custom hostname for http service route. Leave blank for default hostname, e.g.: <application-name>.<project>.<default-domain-suffix>",
            "name": "HOSTNAME_HTTP",
            "value": "",
            "required": false
        },
        {
            "displayName": "Custom https Route Hostname",
            "description": "Custom hostname for https service route. Leave blank for default hostname, e.g.: <application-name>.<project>.<default-domain-suffix>",
            "name": "HOSTNAME_HTTPS",
            "value": "",
            "required": false
        }
    ],
    "objects": [
        {
            "kind": "Service",
            "apiVersion": "v1",
            "spec": {
                "ports": [
                    {
                        "port": 9090,
                        "targetPort": 9090
                    }
                ],
                "selector": {
                    "deploymentConfig": "${APPLICATION_NAME}"
                }
            },
            "metadata": {
                "name": "${APPLICATION_NAME}",
                "labels": {
                    "application": "${APPLICATION_NAME}"
                },
                "annotations": {
                    "description": "The web server's http port."
                }
            }
        },
        {
            "kind": "Route",
            "apiVersion": "v1",
            "id": "${APPLICATION_NAME}-https",
            "metadata": {
                "name": "${APPLICATION_NAME}",
                "labels": {
                    "application": "${APPLICATION_NAME}"
                },
                "annotations": {
                    "description": "Route for application's http service."
                }
            },
            "spec": {
                "host": "${HOSTNAME_HTTPS}",
                "to": {
                    "name": "${APPLICATION_NAME}"
                },
                "tls": {
                    "termination": "edge"
                }
            }
        },
        {
            "kind": "DeploymentConfig",
            "apiVersion": "v1",
            "metadata": {
                "name": "${APPLICATION_NAME}",
                "labels": {
                    "application": "${APPLICATION_NAME}"
                }
            },
            "spec": {
                "strategy": {
                    "type": "Recreate"
                },
                "triggers": [
                    {
                        "type": "ImageChange",
                        "imageChangeParams": {
                            "automatic": true,
                            "containerNames": [
                                "demo-service-php"
                            ],
                            "from": {
                                "kind": "ImageStreamTag",
                                "namespace": "keycloak",
                                "name": "demo-service-php:latest"
                            }
                        }
                    },
                    {
                        "type": "ConfigChange"
                    }
                ],
                "replicas": 1,
                "selector": {
                    "deploymentConfig": "${APPLICATION_NAME}"
                },
                "template": {
                    "metadata": {
                        "name": "${APPLICATION_NAME}",
                        "labels": {
                            "deploymentConfig": "${APPLICATION_NAME}",
                            "application": "${APPLICATION_NAME}"
                        }
                    },
                    "spec": {
                        "containers": [
                            {
                                "name": "${APPLICATION_NAME}",
                                "image": "demo-service-php",
                                "ports": [
                                    {
                                        "containerPort": 8080,
                                        "protocol": "TCP"
                                    }
                                ],
                                "env": [
                                    {
                                        "name": "KEYCLOAK_URL",
                                        "value": "${keycloak_url}"
                                    }
                                ],
                                "securityContext": {
                                    "privileged": false
                                }
                            },
                            {
                              "name": "proxy",
                              "image": "quay.io/gambol99/keycloak-proxy:latest",
                              "imagePullPolicy": "Always",
                              "args": [
                                "--resources=uri=/public|white-listed=true",
                                "--resources=uri=/secured|roles=user|methods=GET",
                                "--resources=uri=/admin|roles=admin|methods=GET",
                                "--client-id=demo-service",
                                "--client-secret=secret",
                                "--discovery-url=${KEYCLOAK_URL}/realms/demo/.well-known/openid-configuration",
                                "--listen=0.0.0.0:9090",
                                "--enable-logging=true",
                                "--enable-json-logging=true",
                                "--upstream-url=http://127.0.0.1:8080",
                                "--skip-client-id",
                                "--skip-openid-provider-tls-verify",
                                "--no-redirects"
                              ],
                              "ports": [
                                {
                                  "name": "web",
                                  "containerPort": 9090
                                }
                              ],
                              "env": [
                                {
                                  "name": "KEYCLOAK_URL",
                                  "value": "$KEYCLOAK_URL"
                                }
                              ],
                              "securityContext": {
                                "privileged": false
                              }
                            }
                        ]
                    }
                }
            }
        }
    ]
}
